<?xml version="1.0" encoding="UTF-8"?>
<rss version="2.0" xmlns:ror="http://rorweb.com/0.1/" >
<channel>
  <title>ROR Sitemap for http://coindevelopmentindex.com/</title>
  <link>http://coindevelopmentindex.com/</link>

<item>
     <link>http://coindevelopmentindex.com/</link>
     <title>Coin Development Index | Tracking Core Development of Crypto Coins</title>
     <description>Tracking the software developnment of crypto coins and tokens.</description>
     <ror:updatePeriod>weekly</ror:updatePeriod>
     <ror:sortOrder>0</ror:sortOrder>
     <ror:resourceOf>sitemap</ror:resourceOf>
</item>
<item>
     <link>http://coindevelopmentindex.com/index.html</link>
     <title>Coin Development Index | Tracking Core Development of Crypto Coins</title>
     <description>Tracking the software developnment of crypto coins and tokens.</description>
     <ror:updatePeriod>weekly</ror:updatePeriod>
     <ror:sortOrder>1</ror:sortOrder>
     <ror:resourceOf>sitemap</ror:resourceOf>
</item>
</channel>
</rss>
  